prompt_id,paper_source,benchmark_family,input_text,target_formula,target_structure_family,target_space_group,target_crystal_system,reference_cif_path,reference_id,num_attempts,expected_metrics,required_tools,notes
e2e_batio3_perovskite,SCA/generated challenge,A_validity,Generate a cubic perovskite BaTiO3 structure.,BaTiO3,perovskite,Pm-3m,cubic,../paper_targets/reference_cifs/sanity_batio3_perovskite.cif,prototype_sanity_batio3_perovskite,20,"validity,composition,structure_match",generator;sca,Seed E2E prompt for perovskite target.
e2e_znfe2o4_spinel,SCA/generated challenge,A_validity,Generate a spinel-like ZnFe2O4 structure.,ZnFe2O4,spinel,Fd-3m,cubic,../paper_targets/reference_cifs/generated_challenge_znfe2o4_spinel.cif,prototype_generated_challenge_znfe2o4_spinel,20,"validity,composition,structure_match",generator;sca,Seed E2E prompt for spinel target.
e2e_nio_rocksalt,SCA/generated challenge,A_validity,Generate a rocksalt NiO crystal.,NiO,rocksalt,Fm-3m,cubic,../paper_targets/reference_cifs/sanity_nio_rocksalt.cif,prototype_sanity_nio_rocksalt,20,"validity,composition,structure_match",generator;sca,Seed E2E prompt for rocksalt target.
e2e_tio2_rutile,Chemeleon,C_mlip_stability,Generate rutile TiO2.,TiO2,rutile,P42/mnm,tetragonal,,,20,"validity,composition,mlip",generator;sca,Reference CIF intentionally blank until curated rutile target is supplied.
e2e_li6ps5cl_argyrodite,Chemeleon,C_mlip_stability,Generate an argyrodite-like Li6PS5Cl solid electrolyte.,Li6PS5Cl,argyrodite,,cubic,,,20,"validity,composition,mlip",generator;sca,Requires Li-P-S-Cl hull for metastability replication.
e2e_fes2_pyrite,SCA/generated challenge,A_validity,Generate a pyrite-like FeS2 crystal.,FeS2,pyrite,Pa-3,cubic,../paper_targets/reference_cifs/generated_challenge_fes2_pyrite.cif,prototype_generated_challenge_fes2_pyrite,20,"validity,composition,structure_match",generator;sca,Seed E2E prompt for pyrite target.
e2e_ceo2_fluorite,SCA/generated challenge,A_validity,Generate a fluorite-like CeO2 structure.,CeO2,fluorite,Fm-3m,cubic,../paper_targets/reference_cifs/sanity_ceo2_fluorite.cif,prototype_sanity_ceo2_fluorite,20,"validity,composition,structure_match",generator;sca,Seed E2E prompt for fluorite target.
e2e_zno_wurtzite,Chemeleon,C_mlip_stability,Generate a wurtzite ZnO structure.,ZnO,wurtzite,P63mc,hexagonal,,,20,"validity,composition,mlip",generator;sca,Reference CIF intentionally blank until curated wurtzite target is supplied.
e2e_ndag_hg2_sg225,CrysText,B_structure_reproduction,Generate NdAgHg2 in space group 225.,NdAgHg2,space group 225,,cubic,,,20,"composition,space_group,structure_match",generator;sca,Reference CIF intentionally blank until curated CrysText target is supplied.
