run_id,method,query_id,input_path,file_name,error_type,error_message,parse_ok,formula,reduced_formula,target_formula,target_formula_match,declared_space_group,detected_space_group,target_space_group,space_group_consistent,multiplicity_checked,multiplicity_consistent,bond_reasonableness_score,bond_lengths_reasonable,min_distance,min_distance_pair,num_bad_contacts,volume,volume_per_atom,density,geometry_ok,geometry_warning_count,duplicate_group_id,is_duplicate,is_unique_representative,novelty_checked,nearest_reference_id,known_match,novel_by_structure_matcher,novelty_error,alignn_ok,alignn_model,formation_energy_per_atom,pre_dft_valid,pre_dft_rank_score,selected_for_dft,chgnet_ok,chgnet_static_chgnet_ok,chgnet_model,chgnet_static_chgnet_model,chgnet_energy_per_atom,chgnet_static_chgnet_energy_per_atom,chgnet_forces_max,chgnet_static_chgnet_forces_max,chgnet_error,chgnet_static_chgnet_error,m3gnet_ok,m3gnet_static_m3gnet_ok,m3gnet_model,m3gnet_static_m3gnet_model,m3gnet_energy_per_atom,m3gnet_static_m3gnet_energy_per_atom,m3gnet_forces_max,m3gnet_static_m3gnet_forces_max,m3gnet_error,m3gnet_static_m3gnet_error,mace_ok,mace_static_mace_ok,mace_model,mace_static_mace_model,mace_energy_per_atom,mace_static_mace_energy_per_atom,mace_forces_max,mace_static_mace_forces_max,mace_error,mace_static_mace_error,sevennet_ok,sevennet_static_sevennet_ok,sevennet_model,sevennet_static_sevennet_model,sevennet_energy_per_atom,sevennet_static_sevennet_energy_per_atom,sevennet_forces_max,sevennet_static_sevennet_forces_max,sevennet_error,sevennet_static_sevennet_error,mlip_energy_mean,mlip_ensemble_mlip_energy_mean,mlip_energy_std,mlip_ensemble_mlip_energy_std,mlip_rank_mean,mlip_ensemble_mlip_rank_mean,mlip_rank_variance,mlip_ensemble_mlip_rank_variance,mlip_disagreement_flag,mlip_ensemble_mlip_disagreement_flag,mlip_consensus_stable_flag,mlip_ensemble_mlip_consensus_stable_flag,rediscovery_label,benchmark_rank_score,evaluator_pre_dft_validity_ok,evaluator_pre_dft_validity_skipped,evaluator_pre_dft_validity_summary,evaluator_pre_dft_validity_error_type,evaluator_pre_dft_validity_error_message,evaluator_pre_dft_validity_details,evaluator_alignn_ok,evaluator_alignn_skipped,evaluator_alignn_summary,evaluator_alignn_error_type,evaluator_alignn_error_message,evaluator_alignn_details,evaluator_chgnet_static_ok,evaluator_chgnet_static_skipped,evaluator_chgnet_static_summary,evaluator_chgnet_static_error_type,evaluator_chgnet_static_error_message,evaluator_chgnet_static_details,evaluator_m3gnet_static_ok,evaluator_m3gnet_static_skipped,evaluator_m3gnet_static_summary,evaluator_m3gnet_static_error_type,evaluator_m3gnet_static_error_message,evaluator_m3gnet_static_details,evaluator_mace_static_ok,evaluator_mace_static_skipped,evaluator_mace_static_summary,evaluator_mace_static_error_type,evaluator_mace_static_error_message,evaluator_mace_static_details,evaluator_sevennet_static_ok,evaluator_sevennet_static_skipped,evaluator_sevennet_static_summary,evaluator_sevennet_static_error_type,evaluator_sevennet_static_error_message,evaluator_sevennet_static_details,evaluator_mlip_ensemble_ok,evaluator_mlip_ensemble_skipped,evaluator_mlip_ensemble_summary,evaluator_mlip_ensemble_error_type,evaluator_mlip_ensemble_error_message,evaluator_mlip_ensemble_details
e5dabf2f-e5b1-4fdb-a5e9-31cfdb02c126,,,C:\Users\brown\Downloads\example created cifs\challenge_001_batio3_perovskite_solution.cif,challenge_001_batio3_perovskite_solution.cif,,,True,Ba1 Ti1 O3,BaTiO3,,,P 1,R3m,,False,False,,1.0,True,1.9918584287042083,Ti-O,0,97.33599999999997,19.467199999999995,3.9782275691152957,True,0,dup-0001,False,True,False,,,,,False,,,True,11000.0,False,True,True,CHGNet,CHGNet,-1.1379386901855468,-1.1379386901855468,21.41244705449952,21.41244705449952,,,False,False,,,,,,,"Bad serialized model or bad model name. If you have an outdated cached model, please 'clear your cache by running `python -c 'import matgl; matgl.clear_cache()'`","Bad serialized model or bad model name. If you have an outdated cached model, please 'clear your cache by running `python -c 'import matgl; matgl.clear_cache()'`",True,True,pretrained:medium-mpa-0,pretrained:medium-mpa-0,-5.366967010498047,-5.366967010498047,25.97040359816204,25.97040359816204,,,True,True,pretrained:7net-0,pretrained:7net-0,-5.671577835083008,-5.671577835083008,17.055395493946307,17.055395493946307,,,-4.058827845255534,-4.058827845255534,2.0691209132975095,2.0691209132975095,,,,,True,True,False,False,valid_reference_not_checked,20.941172154744464,True,False,valid,,,"{'parse_ok': True, 'formula': 'Ba1 Ti1 O3', 'reduced_formula': 'BaTiO3', 'target_formula': None, 'target_formula_match': None, 'declared_space_group': 'P 1', 'detected_space_group': 'R3m', 'target_space_group': None, 'space_group_consistent': False, 'multiplicity_checked': False, 'multiplicity_consistent': None, 'bond_reasonableness_score': 1.0, 'bond_lengths_reasonable': True, 'min_distance': 1.9918584287042083, 'min_distance_pair': 'Ti-O', 'num_bad_contacts': 0, 'volume': 97.33599999999997, 'volume_per_atom': 19.467199999999995, 'density': 3.9782275691152957, 'geometry_ok': True, 'geometry_warning_count': 0, 'duplicate_group_id': 'dup-0001', 'is_duplicate': False, 'is_unique_representative': True, 'novelty_checked': False, 'nearest_reference_id': None, 'known_match': None, 'novel_by_structure_matcher': None, 'novelty_error': None, 'alignn_ok': False, 'alignn_model': None, 'formation_energy_per_atom': None, 'pre_dft_valid': True, 'pre_dft_rank_score': 11000.0, 'selected_for_dft': False, 'error_type': None, 'error_message': None}",False,False,failed,RuntimeError,"ALIGNN prediction is unavailable. Install alignn and its pretrained prediction dependencies, inject a predictor, or set SCA_ALIGNN_COMMAND.",{},True,False,ok,,,{},False,False,failed,ValueError,"Bad serialized model or bad model name. If you have an outdated cached model, please 'clear your cache by running `python -c 'import matgl; matgl.clear_cache()'`",{},True,False,ok,,,{},True,False,ok,,,{},True,False,ok,,,{}
e5dabf2f-e5b1-4fdb-a5e9-31cfdb02c126,,,C:\Users\brown\Downloads\example created cifs\challenge_002_catio3_perovskite_solution.cif,challenge_002_catio3_perovskite_solution.cif,,,True,Ca1 Ti1 O3,CaTiO3,,,P 1,Pm-3m,,False,False,,1.0,True,2.3,Ca-O,0,97.33599999999997,19.467199999999995,2.3191727084943423,True,0,dup-0002,False,True,False,,,,,False,,,True,11000.0,False,True,True,CHGNet,CHGNet,-1.1580569267272949,-1.1580569267272949,5.822789615332391e-06,5.822789615332391e-06,,,False,False,,,,,,,"Bad serialized model or bad model name. If you have an outdated cached model, please 'clear your cache by running `python -c 'import matgl; matgl.clear_cache()'`","Bad serialized model or bad model name. If you have an outdated cached model, please 'clear your cache by running `python -c 'import matgl; matgl.clear_cache()'`",True,True,pretrained:medium-mpa-0,pretrained:medium-mpa-0,-5.503465270996093,-5.503465270996093,3.9391647985439585e-06,3.9391647985439585e-06,,,True,True,pretrained:7net-0,pretrained:7net-0,-5.327202224731446,-5.327202224731446,2.3131455921107968e-07,2.3131455921107968e-07,,,-3.9962414741516112,-3.9962414741516112,2.0081892024571544,2.0081892024571544,,,,,True,True,False,False,valid_reference_not_checked,21.00375852584839,True,False,valid,,,"{'parse_ok': True, 'formula': 'Ca1 Ti1 O3', 'reduced_formula': 'CaTiO3', 'target_formula': None, 'target_formula_match': None, 'declared_space_group': 'P 1', 'detected_space_group': 'Pm-3m', 'target_space_group': None, 'space_group_consistent': False, 'multiplicity_checked': False, 'multiplicity_consistent': None, 'bond_reasonableness_score': 1.0, 'bond_lengths_reasonable': True, 'min_distance': 2.3, 'min_distance_pair': 'Ca-O', 'num_bad_contacts': 0, 'volume': 97.33599999999997, 'volume_per_atom': 19.467199999999995, 'density': 2.3191727084943423, 'geometry_ok': True, 'geometry_warning_count': 0, 'duplicate_group_id': 'dup-0002', 'is_duplicate': False, 'is_unique_representative': True, 'novelty_checked': False, 'nearest_reference_id': None, 'known_match': None, 'novel_by_structure_matcher': None, 'novelty_error': None, 'alignn_ok': False, 'alignn_model': None, 'formation_energy_per_atom': None, 'pre_dft_valid': True, 'pre_dft_rank_score': 11000.0, 'selected_for_dft': False, 'error_type': None, 'error_message': None}",False,False,failed,RuntimeError,"ALIGNN prediction is unavailable. Install alignn and its pretrained prediction dependencies, inject a predictor, or set SCA_ALIGNN_COMMAND.",{},True,False,ok,,,{},False,False,failed,ValueError,"Bad serialized model or bad model name. If you have an outdated cached model, please 'clear your cache by running `python -c 'import matgl; matgl.clear_cache()'`",{},True,False,ok,,,{},True,False,ok,,,{},True,False,ok,,,{}
e5dabf2f-e5b1-4fdb-a5e9-31cfdb02c126,,,C:\Users\brown\Downloads\example created cifs\challenge_004_mgal2o4_spinel_solution.cif,challenge_004_mgal2o4_spinel_solution.cif,,,True,Mg1 Al2 O4,MgAl2O4,,,P 1,Amm2,,False,False,,1.0,True,1.9918584287042083,Mg-O,0,97.33599999999997,13.905142857142852,2.427033319192912,True,0,dup-0003,False,True,False,,,,,False,,,True,11000.0,False,True,True,CHGNet,CHGNet,-0.6017514637538365,-0.6017514637538365,18.109438030199343,18.109438030199343,,,False,False,,,,,,,"Bad serialized model or bad model name. If you have an outdated cached model, please 'clear your cache by running `python -c 'import matgl; matgl.clear_cache()'`","Bad serialized model or bad model name. If you have an outdated cached model, please 'clear your cache by running `python -c 'import matgl; matgl.clear_cache()'`",True,True,pretrained:medium-mpa-0,pretrained:medium-mpa-0,-3.809614998953683,-3.809614998953683,15.33346316418878,15.33346316418878,,,True,True,pretrained:7net-0,pretrained:7net-0,-3.6832809448242188,-3.6832809448242188,16.833254385174843,16.833254385174843,,,-2.6982158025105796,-2.6982158025105796,1.4833210747210144,1.4833210747210144,,,,,True,True,False,False,valid_reference_not_checked,22.30178419748942,True,False,valid,,,"{'parse_ok': True, 'formula': 'Mg1 Al2 O4', 'reduced_formula': 'MgAl2O4', 'target_formula': None, 'target_formula_match': None, 'declared_space_group': 'P 1', 'detected_space_group': 'Amm2', 'target_space_group': None, 'space_group_consistent': False, 'multiplicity_checked': False, 'multiplicity_consistent': None, 'bond_reasonableness_score': 1.0, 'bond_lengths_reasonable': True, 'min_distance': 1.9918584287042083, 'min_distance_pair': 'Mg-O', 'num_bad_contacts': 0, 'volume': 97.33599999999997, 'volume_per_atom': 13.905142857142852, 'density': 2.427033319192912, 'geometry_ok': True, 'geometry_warning_count': 0, 'duplicate_group_id': 'dup-0003', 'is_duplicate': False, 'is_unique_representative': True, 'novelty_checked': False, 'nearest_reference_id': None, 'known_match': None, 'novel_by_structure_matcher': None, 'novelty_error': None, 'alignn_ok': False, 'alignn_model': None, 'formation_energy_per_atom': None, 'pre_dft_valid': True, 'pre_dft_rank_score': 11000.0, 'selected_for_dft': False, 'error_type': None, 'error_message': None}",False,False,failed,RuntimeError,"ALIGNN prediction is unavailable. Install alignn and its pretrained prediction dependencies, inject a predictor, or set SCA_ALIGNN_COMMAND.",{},True,False,ok,,,{},False,False,failed,ValueError,"Bad serialized model or bad model name. If you have an outdated cached model, please 'clear your cache by running `python -c 'import matgl; matgl.clear_cache()'`",{},True,False,ok,,,{},True,False,ok,,,{},True,False,ok,,,{}
e5dabf2f-e5b1-4fdb-a5e9-31cfdb02c126,,,C:\Users\brown\Downloads\example created cifs\challenge_005_znfe2o4_spinel_solution.cif,challenge_005_znfe2o4_spinel_solution.cif,,,True,Zn1 Fe2 O4,Zn(FeO2)2,,,P 1,Pmm2,,False,False,,0.25,False,1.15,Zn-Fe,3,97.33599999999997,13.905142857142852,4.113075570023195,True,0,dup-0004,False,True,False,,,,,False,,,False,60300.0,False,True,True,CHGNet,CHGNet,0.19789552688598633,0.19789552688598633,64.07895660400838,64.07895660400838,,,False,False,,,,,,,"Bad serialized model or bad model name. If you have an outdated cached model, please 'clear your cache by running `python -c 'import matgl; matgl.clear_cache()'`","Bad serialized model or bad model name. If you have an outdated cached model, please 'clear your cache by running `python -c 'import matgl; matgl.clear_cache()'`",True,True,pretrained:medium-mpa-0,pretrained:medium-mpa-0,6.262709481375558,6.262709481375558,151.38481140136733,151.38481140136733,,,True,True,pretrained:7net-0,pretrained:7net-0,4.429939270019531,4.429939270019531,76.74669720697729,76.74669720697729,,,3.6301814260936918,3.6301814260936918,2.5397114707952606,2.5397114707952606,,,,,True,True,False,False,valid_reference_not_checked,1028.6301814260937,False,False,invalid,,,"{'parse_ok': True, 'formula': 'Zn1 Fe2 O4', 'reduced_formula': 'Zn(FeO2)2', 'target_formula': None, 'target_formula_match': None, 'declared_space_group': 'P 1', 'detected_space_group': 'Pmm2', 'target_space_group': None, 'space_group_consistent': False, 'multiplicity_checked': False, 'multiplicity_consistent': None, 'bond_reasonableness_score': 0.25, 'bond_lengths_reasonable': False, 'min_distance': 1.15, 'min_distance_pair': 'Zn-Fe', 'num_bad_contacts': 3, 'volume': 97.33599999999997, 'volume_per_atom': 13.905142857142852, 'density': 4.113075570023195, 'geometry_ok': True, 'geometry_warning_count': 0, 'duplicate_group_id': 'dup-0004', 'is_duplicate': False, 'is_unique_representative': True, 'novelty_checked': False, 'nearest_reference_id': None, 'known_match': None, 'novel_by_structure_matcher': None, 'novelty_error': None, 'alignn_ok': False, 'alignn_model': None, 'formation_energy_per_atom': None, 'pre_dft_valid': False, 'pre_dft_rank_score': 60300.0, 'selected_for_dft': False, 'error_type': None, 'error_message': None}",False,False,failed,RuntimeError,"ALIGNN prediction is unavailable. Install alignn and its pretrained prediction dependencies, inject a predictor, or set SCA_ALIGNN_COMMAND.",{},True,False,ok,,,{},False,False,failed,ValueError,"Bad serialized model or bad model name. If you have an outdated cached model, please 'clear your cache by running `python -c 'import matgl; matgl.clear_cache()'`",{},True,False,ok,,,{},True,False,ok,,,{},True,False,ok,,,{}
e5dabf2f-e5b1-4fdb-a5e9-31cfdb02c126,,,C:\Users\brown\Downloads\example created cifs\challenge_008_limn2o4_spinel_solution.cif,challenge_008_limn2o4_spinel_solution.cif,,,True,Li1 Mn2 O4,LiMn2O4,,,P 1,Pmmm,,False,False,,0.3333333333333333,False,1.15,Li-O,2,97.33599999999997,13.905142857142852,3.0846742929610675,True,0,dup-0005,False,True,False,,,,,False,,,False,60200.0,False,True,True,CHGNet,CHGNet,-0.6145520891462054,-0.6145520891462054,32.60380554199219,32.60380554199219,,,False,False,,,,,,,"Bad serialized model or bad model name. If you have an outdated cached model, please 'clear your cache by running `python -c 'import matgl; matgl.clear_cache()'`","Bad serialized model or bad model name. If you have an outdated cached model, please 'clear your cache by running `python -c 'import matgl; matgl.clear_cache()'`",True,True,pretrained:medium-mpa-0,pretrained:medium-mpa-0,-3.763401848929269,-3.763401848929269,22.91745567321779,22.91745567321779,,,True,True,pretrained:7net-0,pretrained:7net-0,-3.5548182896205356,-3.5548182896205356,25.625347137451172,25.625347137451172,,,-2.6442574092320035,-2.6442574092320035,1.4377423366959554,1.4377423366959554,,,,,True,True,False,False,valid_reference_not_checked,1022.355742590768,False,False,invalid,,,"{'parse_ok': True, 'formula': 'Li1 Mn2 O4', 'reduced_formula': 'LiMn2O4', 'target_formula': None, 'target_formula_match': None, 'declared_space_group': 'P 1', 'detected_space_group': 'Pmmm', 'target_space_group': None, 'space_group_consistent': False, 'multiplicity_checked': False, 'multiplicity_consistent': None, 'bond_reasonableness_score': 0.3333333333333333, 'bond_lengths_reasonable': False, 'min_distance': 1.15, 'min_distance_pair': 'Li-O', 'num_bad_contacts': 2, 'volume': 97.33599999999997, 'volume_per_atom': 13.905142857142852, 'density': 3.0846742929610675, 'geometry_ok': True, 'geometry_warning_count': 0, 'duplicate_group_id': 'dup-0005', 'is_duplicate': False, 'is_unique_representative': True, 'novelty_checked': False, 'nearest_reference_id': None, 'known_match': None, 'novel_by_structure_matcher': None, 'novelty_error': None, 'alignn_ok': False, 'alignn_model': None, 'formation_energy_per_atom': None, 'pre_dft_valid': False, 'pre_dft_rank_score': 60200.0, 'selected_for_dft': False, 'error_type': None, 'error_message': None}",False,False,failed,RuntimeError,"ALIGNN prediction is unavailable. Install alignn and its pretrained prediction dependencies, inject a predictor, or set SCA_ALIGNN_COMMAND.",{},True,False,ok,,,{},False,False,failed,ValueError,"Bad serialized model or bad model name. If you have an outdated cached model, please 'clear your cache by running `python -c 'import matgl; matgl.clear_cache()'`",{},True,False,ok,,,{},True,False,ok,,,{},True,False,ok,,,{}
e5dabf2f-e5b1-4fdb-a5e9-31cfdb02c126,,,C:\Users\brown\Downloads\example created cifs\challenge_009_lif_rocksalt_solution.cif,challenge_009_lif_rocksalt_solution.cif,,,True,Li1 F1,LiF,,,P 1,Pm-3m,,False,False,,1.0,True,,,0,97.33599999999997,48.667999999999985,0.44252272990536357,True,0,dup-0006,False,True,False,,,,,False,,,True,11000.0,False,True,True,CHGNet,CHGNet,-1.5763161182403564,-1.5763161182403564,3.017255176799981e-07,3.017255176799981e-07,,,False,False,,,,,,,"Bad serialized model or bad model name. If you have an outdated cached model, please 'clear your cache by running `python -c 'import matgl; matgl.clear_cache()'`","Bad serialized model or bad model name. If you have an outdated cached model, please 'clear your cache by running `python -c 'import matgl; matgl.clear_cache()'`",True,True,pretrained:medium-mpa-0,pretrained:medium-mpa-0,-2.554943561553955,-2.554943561553955,5.880300900446005e-07,5.880300900446005e-07,,,True,True,pretrained:7net-0,pretrained:7net-0,-2.829397678375244,-2.829397678375244,7.45058161811834e-09,7.45058161811834e-09,,,-2.320219119389852,-2.320219119389852,0.537819685953981,0.537819685953981,,,,,True,True,False,False,valid_reference_not_checked,22.67978088061015,True,False,valid,,,"{'parse_ok': True, 'formula': 'Li1 F1', 'reduced_formula': 'LiF', 'target_formula': None, 'target_formula_match': None, 'declared_space_group': 'P 1', 'detected_space_group': 'Pm-3m', 'target_space_group': None, 'space_group_consistent': False, 'multiplicity_checked': False, 'multiplicity_consistent': None, 'bond_reasonableness_score': 1.0, 'bond_lengths_reasonable': True, 'min_distance': None, 'min_distance_pair': None, 'num_bad_contacts': 0, 'volume': 97.33599999999997, 'volume_per_atom': 48.667999999999985, 'density': 0.44252272990536357, 'geometry_ok': True, 'geometry_warning_count': 0, 'duplicate_group_id': 'dup-0006', 'is_duplicate': False, 'is_unique_representative': True, 'novelty_checked': False, 'nearest_reference_id': None, 'known_match': None, 'novel_by_structure_matcher': None, 'novelty_error': None, 'alignn_ok': False, 'alignn_model': None, 'formation_energy_per_atom': None, 'pre_dft_valid': True, 'pre_dft_rank_score': 11000.0, 'selected_for_dft': False, 'error_type': None, 'error_message': None}",False,False,failed,RuntimeError,"ALIGNN prediction is unavailable. Install alignn and its pretrained prediction dependencies, inject a predictor, or set SCA_ALIGNN_COMMAND.",{},True,False,ok,,,{},False,False,failed,ValueError,"Bad serialized model or bad model name. If you have an outdated cached model, please 'clear your cache by running `python -c 'import matgl; matgl.clear_cache()'`",{},True,False,ok,,,{},True,False,ok,,,{},True,False,ok,,,{}
e5dabf2f-e5b1-4fdb-a5e9-31cfdb02c126,,,C:\Users\brown\Downloads\example created cifs\challenge_010_nacl_rocksalt_solution.cif,challenge_010_nacl_rocksalt_solution.cif,,,True,Na1 Cl1,NaCl,,,P 1,Amm2,,False,False,,1.0,True,2.816913204200655,Na-Cl,0,97.33599999999997,48.667999999999985,0.9970257837317908,True,0,dup-0007,False,True,False,,,,,False,,,True,11000.0,False,True,True,CHGNet,CHGNet,-1.6159255504608154,-1.6159255504608154,0.34566479657344046,0.34566479657344046,,,False,False,,,,,,,"Bad serialized model or bad model name. If you have an outdated cached model, please 'clear your cache by running `python -c 'import matgl; matgl.clear_cache()'`","Bad serialized model or bad model name. If you have an outdated cached model, please 'clear your cache by running `python -c 'import matgl; matgl.clear_cache()'`",True,True,pretrained:medium-mpa-0,pretrained:medium-mpa-0,-2.921459436416626,-2.921459436416626,0.3164442916648494,0.3164442916648494,,,True,True,pretrained:7net-0,pretrained:7net-0,-2.916524887084961,-2.916524887084961,0.3639151090059811,0.3639151090059811,,,-2.4846366246541343,-2.4846366246541343,0.6142747947858834,0.6142747947858834,,,,,True,True,False,False,valid_reference_not_checked,22.515363375345867,True,False,valid,,,"{'parse_ok': True, 'formula': 'Na1 Cl1', 'reduced_formula': 'NaCl', 'target_formula': None, 'target_formula_match': None, 'declared_space_group': 'P 1', 'detected_space_group': 'Amm2', 'target_space_group': None, 'space_group_consistent': False, 'multiplicity_checked': False, 'multiplicity_consistent': None, 'bond_reasonableness_score': 1.0, 'bond_lengths_reasonable': True, 'min_distance': 2.816913204200655, 'min_distance_pair': 'Na-Cl', 'num_bad_contacts': 0, 'volume': 97.33599999999997, 'volume_per_atom': 48.667999999999985, 'density': 0.9970257837317908, 'geometry_ok': True, 'geometry_warning_count': 0, 'duplicate_group_id': 'dup-0007', 'is_duplicate': False, 'is_unique_representative': True, 'novelty_checked': False, 'nearest_reference_id': None, 'known_match': None, 'novel_by_structure_matcher': None, 'novelty_error': None, 'alignn_ok': False, 'alignn_model': None, 'formation_energy_per_atom': None, 'pre_dft_valid': True, 'pre_dft_rank_score': 11000.0, 'selected_for_dft': False, 'error_type': None, 'error_message': None}",False,False,failed,RuntimeError,"ALIGNN prediction is unavailable. Install alignn and its pretrained prediction dependencies, inject a predictor, or set SCA_ALIGNN_COMMAND.",{},True,False,ok,,,{},False,False,failed,ValueError,"Bad serialized model or bad model name. If you have an outdated cached model, please 'clear your cache by running `python -c 'import matgl; matgl.clear_cache()'`",{},True,False,ok,,,{},True,False,ok,,,{},True,False,ok,,,{}
e5dabf2f-e5b1-4fdb-a5e9-31cfdb02c126,,,C:\Users\brown\Downloads\example created cifs\challenge_011_cspbbr3_perovskite_solution.cif,challenge_011_cspbbr3_perovskite_solution.cif,,,True,Cs1 Pb1 Br3,CsPbBr3,,,P 1,P1,,True,False,,1.0,True,1.6263455967290599,Pb-Br,0,97.33599999999997,19.467199999999995,9.891607747612321,True,0,dup-0008,False,True,False,,,,,False,,,True,1000.0,False,True,True,CHGNet,CHGNet,0.8651333808898926,0.8651333808898926,49.771065008992196,49.771065008992196,,,False,False,,,,,,,"Bad serialized model or bad model name. If you have an outdated cached model, please 'clear your cache by running `python -c 'import matgl; matgl.clear_cache()'`","Bad serialized model or bad model name. If you have an outdated cached model, please 'clear your cache by running `python -c 'import matgl; matgl.clear_cache()'`",True,True,pretrained:medium-mpa-0,pretrained:medium-mpa-0,11.596172332763672,11.596172332763672,96.66672135123196,96.66672135123196,,,True,True,pretrained:7net-0,pretrained:7net-0,6.481239318847656,6.481239318847656,105.06157561052055,105.06157561052055,,,6.3141816775004065,6.3141816775004065,4.382520617050379,4.382520617050379,,,,,True,True,False,False,valid_reference_not_checked,31.314181677500407,True,False,valid,,,"{'parse_ok': True, 'formula': 'Cs1 Pb1 Br3', 'reduced_formula': 'CsPbBr3', 'target_formula': None, 'target_formula_match': None, 'declared_space_group': 'P 1', 'detected_space_group': 'P1', 'target_space_group': None, 'space_group_consistent': True, 'multiplicity_checked': False, 'multiplicity_consistent': None, 'bond_reasonableness_score': 1.0, 'bond_lengths_reasonable': True, 'min_distance': 1.6263455967290599, 'min_distance_pair': 'Pb-Br', 'num_bad_contacts': 0, 'volume': 97.33599999999997, 'volume_per_atom': 19.467199999999995, 'density': 9.891607747612321, 'geometry_ok': True, 'geometry_warning_count': 0, 'duplicate_group_id': 'dup-0008', 'is_duplicate': False, 'is_unique_representative': True, 'novelty_checked': False, 'nearest_reference_id': None, 'known_match': None, 'novel_by_structure_matcher': None, 'novelty_error': None, 'alignn_ok': False, 'alignn_model': None, 'formation_energy_per_atom': None, 'pre_dft_valid': True, 'pre_dft_rank_score': 1000.0, 'selected_for_dft': False, 'error_type': None, 'error_message': None}",False,False,failed,RuntimeError,"ALIGNN prediction is unavailable. Install alignn and its pretrained prediction dependencies, inject a predictor, or set SCA_ALIGNN_COMMAND.",{},True,False,ok,,,{},False,False,failed,ValueError,"Bad serialized model or bad model name. If you have an outdated cached model, please 'clear your cache by running `python -c 'import matgl; matgl.clear_cache()'`",{},True,False,ok,,,{},True,False,ok,,,{},True,False,ok,,,{}
e5dabf2f-e5b1-4fdb-a5e9-31cfdb02c126,,,C:\Users\brown\Downloads\example created cifs\challenge_012_mapbi3_proxy_solution.cif,challenge_012_mapbi3_proxy_solution.cif,,,True,Cs1 Sn1 I3,CsSnI3,,,P 1,R3,,False,False,,1.0,True,1.9918584287042087,Cs-Sn,0,97.33599999999997,19.467199999999995,10.787445339757841,True,0,dup-0009,False,True,False,,,,,False,,,True,11000.0,False,True,True,CHGNet,CHGNet,0.20010194778442383,0.20010194778442383,8.741067856833078,8.741067856833078,,,False,False,,,,,,,"Bad serialized model or bad model name. If you have an outdated cached model, please 'clear your cache by running `python -c 'import matgl; matgl.clear_cache()'`","Bad serialized model or bad model name. If you have an outdated cached model, please 'clear your cache by running `python -c 'import matgl; matgl.clear_cache()'`",True,True,pretrained:medium-mpa-0,pretrained:medium-mpa-0,4.589539337158203,4.589539337158203,38.293098419045215,38.293098419045215,,,True,True,pretrained:7net-0,pretrained:7net-0,2.139230728149414,2.139230728149414,21.96014894346019,21.96014894346019,,,2.3096240043640135,2.3096240043640135,1.7960262711965886,1.7960262711965886,,,,,True,True,False,False,valid_reference_not_checked,27.309624004364014,True,False,valid,,,"{'parse_ok': True, 'formula': 'Cs1 Sn1 I3', 'reduced_formula': 'CsSnI3', 'target_formula': None, 'target_formula_match': None, 'declared_space_group': 'P 1', 'detected_space_group': 'R3', 'target_space_group': None, 'space_group_consistent': False, 'multiplicity_checked': False, 'multiplicity_consistent': None, 'bond_reasonableness_score': 1.0, 'bond_lengths_reasonable': True, 'min_distance': 1.9918584287042087, 'min_distance_pair': 'Cs-Sn', 'num_bad_contacts': 0, 'volume': 97.33599999999997, 'volume_per_atom': 19.467199999999995, 'density': 10.787445339757841, 'geometry_ok': True, 'geometry_warning_count': 0, 'duplicate_group_id': 'dup-0009', 'is_duplicate': False, 'is_unique_representative': True, 'novelty_checked': False, 'nearest_reference_id': None, 'known_match': None, 'novel_by_structure_matcher': None, 'novelty_error': None, 'alignn_ok': False, 'alignn_model': None, 'formation_energy_per_atom': None, 'pre_dft_valid': True, 'pre_dft_rank_score': 11000.0, 'selected_for_dft': False, 'error_type': None, 'error_message': None}",False,False,failed,RuntimeError,"ALIGNN prediction is unavailable. Install alignn and its pretrained prediction dependencies, inject a predictor, or set SCA_ALIGNN_COMMAND.",{},True,False,ok,,,{},False,False,failed,ValueError,"Bad serialized model or bad model name. If you have an outdated cached model, please 'clear your cache by running `python -c 'import matgl; matgl.clear_cache()'`",{},True,False,ok,,,{},True,False,ok,,,{},True,False,ok,,,{}
e5dabf2f-e5b1-4fdb-a5e9-31cfdb02c126,,,C:\Users\brown\Downloads\example created cifs\challenge_017_zns_sphalerite_solution.cif,challenge_017_zns_sphalerite_solution.cif,,,True,Zn1 S1,ZnS,,,P 1,R3m,,False,False,,1.0,True,1.9918584287042087,Zn-S,0,97.33599999999997,48.667999999999985,1.6628933303598679,True,0,dup-0010,False,True,False,,,,,False,,,True,11000.0,False,True,True,CHGNet,CHGNet,-1.1539884805679321,-1.1539884805679321,0.6763358137104025,0.6763358137104025,,,False,False,,,,,,,"Bad serialized model or bad model name. If you have an outdated cached model, please 'clear your cache by running `python -c 'import matgl; matgl.clear_cache()'`","Bad serialized model or bad model name. If you have an outdated cached model, please 'clear your cache by running `python -c 'import matgl; matgl.clear_cache()'`",True,True,pretrained:medium-mpa-0,pretrained:medium-mpa-0,-1.880908489227295,-1.880908489227295,1.7034643362202642,1.7034643362202642,,,True,True,pretrained:7net-0,pretrained:7net-0,-1.9195784330368042,-1.9195784330368042,2.514633395327029,2.514633395327029,,,-1.6514918009440105,-1.6514918009440105,0.35214202293721847,0.35214202293721847,,,,,False,False,True,True,valid_reference_not_checked,-1.6514918009440105,True,False,valid,,,"{'parse_ok': True, 'formula': 'Zn1 S1', 'reduced_formula': 'ZnS', 'target_formula': None, 'target_formula_match': None, 'declared_space_group': 'P 1', 'detected_space_group': 'R3m', 'target_space_group': None, 'space_group_consistent': False, 'multiplicity_checked': False, 'multiplicity_consistent': None, 'bond_reasonableness_score': 1.0, 'bond_lengths_reasonable': True, 'min_distance': 1.9918584287042087, 'min_distance_pair': 'Zn-S', 'num_bad_contacts': 0, 'volume': 97.33599999999997, 'volume_per_atom': 48.667999999999985, 'density': 1.6628933303598679, 'geometry_ok': True, 'geometry_warning_count': 0, 'duplicate_group_id': 'dup-0010', 'is_duplicate': False, 'is_unique_representative': True, 'novelty_checked': False, 'nearest_reference_id': None, 'known_match': None, 'novel_by_structure_matcher': None, 'novelty_error': None, 'alignn_ok': False, 'alignn_model': None, 'formation_energy_per_atom': None, 'pre_dft_valid': True, 'pre_dft_rank_score': 11000.0, 'selected_for_dft': False, 'error_type': None, 'error_message': None}",False,False,failed,RuntimeError,"ALIGNN prediction is unavailable. Install alignn and its pretrained prediction dependencies, inject a predictor, or set SCA_ALIGNN_COMMAND.",{},True,False,ok,,,{},False,False,failed,ValueError,"Bad serialized model or bad model name. If you have an outdated cached model, please 'clear your cache by running `python -c 'import matgl; matgl.clear_cache()'`",{},True,False,ok,,,{},True,False,ok,,,{},True,False,ok,,,{}
e5dabf2f-e5b1-4fdb-a5e9-31cfdb02c126,,,C:\Users\brown\Downloads\example created cifs\challenge_025_basno3_perovskite_solution.cif,challenge_025_basno3_perovskite_solution.cif,,,True,Ba1 Sn1 O3,BaSnO3,,,P 1,P4mm,,False,False,,1.0,True,2.3,Ba-O,0,97.33599999999997,19.467199999999995,5.1867996211772205,True,0,dup-0011,False,True,False,,,,,False,,,True,11000.0,False,True,True,CHGNet,CHGNet,-1.0310300827026366,-1.0310300827026366,1.225946903246859,1.225946903246859,,,False,False,,,,,,,"Bad serialized model or bad model name. If you have an outdated cached model, please 'clear your cache by running `python -c 'import matgl; matgl.clear_cache()'`","Bad serialized model or bad model name. If you have an outdated cached model, please 'clear your cache by running `python -c 'import matgl; matgl.clear_cache()'`",True,True,pretrained:medium-mpa-0,pretrained:medium-mpa-0,-4.714779663085937,-4.714779663085937,1.5751414299127628,1.5751414299127628,,,True,True,pretrained:7net-0,pretrained:7net-0,-4.7665355682373045,-4.7665355682373045,1.0338885784149179,1.0338885784149179,,,-3.504115104675293,-3.504115104675293,1.7488628329781668,1.7488628329781668,,,,,True,True,False,False,valid_reference_not_checked,21.495884895324707,True,False,valid,,,"{'parse_ok': True, 'formula': 'Ba1 Sn1 O3', 'reduced_formula': 'BaSnO3', 'target_formula': None, 'target_formula_match': None, 'declared_space_group': 'P 1', 'detected_space_group': 'P4mm', 'target_space_group': None, 'space_group_consistent': False, 'multiplicity_checked': False, 'multiplicity_consistent': None, 'bond_reasonableness_score': 1.0, 'bond_lengths_reasonable': True, 'min_distance': 2.3, 'min_distance_pair': 'Ba-O', 'num_bad_contacts': 0, 'volume': 97.33599999999997, 'volume_per_atom': 19.467199999999995, 'density': 5.1867996211772205, 'geometry_ok': True, 'geometry_warning_count': 0, 'duplicate_group_id': 'dup-0011', 'is_duplicate': False, 'is_unique_representative': True, 'novelty_checked': False, 'nearest_reference_id': None, 'known_match': None, 'novel_by_structure_matcher': None, 'novelty_error': None, 'alignn_ok': False, 'alignn_model': None, 'formation_energy_per_atom': None, 'pre_dft_valid': True, 'pre_dft_rank_score': 11000.0, 'selected_for_dft': False, 'error_type': None, 'error_message': None}",False,False,failed,RuntimeError,"ALIGNN prediction is unavailable. Install alignn and its pretrained prediction dependencies, inject a predictor, or set SCA_ALIGNN_COMMAND.",{},True,False,ok,,,{},False,False,failed,ValueError,"Bad serialized model or bad model name. If you have an outdated cached model, please 'clear your cache by running `python -c 'import matgl; matgl.clear_cache()'`",{},True,False,ok,,,{},True,False,ok,,,{},True,False,ok,,,{}
e5dabf2f-e5b1-4fdb-a5e9-31cfdb02c126,,,C:\Users\brown\Downloads\example created cifs\challenge_027_baceo3_perovskite_solution.cif,challenge_027_baceo3_perovskite_solution.cif,,,True,Ba1 Ce1 O3,BaCeO3,,,P 1,Pm-3m,,False,False,,1.0,True,2.3,Ce-O,0,97.33599999999997,19.467199999999995,5.551983102204811,True,0,dup-0012,False,True,False,,,,,False,,,True,11000.0,False,True,True,CHGNet,CHGNet,-1.6062427520751954,-1.6062427520751954,3.911377414586153e-07,3.911377414586153e-07,,,False,False,,,,,,,"Bad serialized model or bad model name. If you have an outdated cached model, please 'clear your cache by running `python -c 'import matgl; matgl.clear_cache()'`","Bad serialized model or bad model name. If you have an outdated cached model, please 'clear your cache by running `python -c 'import matgl; matgl.clear_cache()'`",True,True,pretrained:medium-mpa-0,pretrained:medium-mpa-0,-7.629299926757812,-7.629299926757812,7.567854679283063e-07,7.567854679283063e-07,,,True,True,pretrained:7net-0,pretrained:7net-0,-7.635609436035156,-7.635609436035156,1.988344769786489e-07,1.988344769786489e-07,,,-5.623717371622721,-5.623717371622721,2.840784714535549,2.840784714535549,,,,,True,True,False,False,valid_reference_not_checked,19.37628262837728,True,False,valid,,,"{'parse_ok': True, 'formula': 'Ba1 Ce1 O3', 'reduced_formula': 'BaCeO3', 'target_formula': None, 'target_formula_match': None, 'declared_space_group': 'P 1', 'detected_space_group': 'Pm-3m', 'target_space_group': None, 'space_group_consistent': False, 'multiplicity_checked': False, 'multiplicity_consistent': None, 'bond_reasonableness_score': 1.0, 'bond_lengths_reasonable': True, 'min_distance': 2.3, 'min_distance_pair': 'Ce-O', 'num_bad_contacts': 0, 'volume': 97.33599999999997, 'volume_per_atom': 19.467199999999995, 'density': 5.551983102204811, 'geometry_ok': True, 'geometry_warning_count': 0, 'duplicate_group_id': 'dup-0012', 'is_duplicate': False, 'is_unique_representative': True, 'novelty_checked': False, 'nearest_reference_id': None, 'known_match': None, 'novel_by_structure_matcher': None, 'novelty_error': None, 'alignn_ok': False, 'alignn_model': None, 'formation_energy_per_atom': None, 'pre_dft_valid': True, 'pre_dft_rank_score': 11000.0, 'selected_for_dft': False, 'error_type': None, 'error_message': None}",False,False,failed,RuntimeError,"ALIGNN prediction is unavailable. Install alignn and its pretrained prediction dependencies, inject a predictor, or set SCA_ALIGNN_COMMAND.",{},True,False,ok,,,{},False,False,failed,ValueError,"Bad serialized model or bad model name. If you have an outdated cached model, please 'clear your cache by running `python -c 'import matgl; matgl.clear_cache()'`",{},True,False,ok,,,{},True,False,ok,,,{},True,False,ok,,,{}
e5dabf2f-e5b1-4fdb-a5e9-31cfdb02c126,,,C:\Users\brown\Downloads\example created cifs\challenge_048_feo_wustite_solution.cif,challenge_048_feo_wustite_solution.cif,,,True,Fe1 O1,FeO,,,P 1,P4/mmm,,False,False,,1.0,True,,,0,97.33599999999997,48.667999999999985,1.2256558013799215,True,0,dup-0013,False,True,False,,,,,False,,,True,11000.0,False,True,True,CHGNet,CHGNet,-2.1901309490203857,-2.1901309490203857,1.4901161193847656e-08,1.4901161193847656e-08,,,False,False,,,,,,,"Bad serialized model or bad model name. If you have an outdated cached model, please 'clear your cache by running `python -c 'import matgl; matgl.clear_cache()'`","Bad serialized model or bad model name. If you have an outdated cached model, please 'clear your cache by running `python -c 'import matgl; matgl.clear_cache()'`",True,True,pretrained:medium-mpa-0,pretrained:medium-mpa-0,-3.2357358932495117,-3.2357358932495117,8.733420481010822e-08,8.733420481010822e-08,,,True,True,pretrained:7net-0,pretrained:7net-0,-3.525674819946289,-3.525674819946289,3.68363036432108e-08,3.68363036432108e-08,,,-2.983847220738729,-2.983847220738729,0.5735882874771008,0.5735882874771008,,,,,True,True,False,False,valid_reference_not_checked,22.016152779261272,True,False,valid,,,"{'parse_ok': True, 'formula': 'Fe1 O1', 'reduced_formula': 'FeO', 'target_formula': None, 'target_formula_match': None, 'declared_space_group': 'P 1', 'detected_space_group': 'P4/mmm', 'target_space_group': None, 'space_group_consistent': False, 'multiplicity_checked': False, 'multiplicity_consistent': None, 'bond_reasonableness_score': 1.0, 'bond_lengths_reasonable': True, 'min_distance': None, 'min_distance_pair': None, 'num_bad_contacts': 0, 'volume': 97.33599999999997, 'volume_per_atom': 48.667999999999985, 'density': 1.2256558013799215, 'geometry_ok': True, 'geometry_warning_count': 0, 'duplicate_group_id': 'dup-0013', 'is_duplicate': False, 'is_unique_representative': True, 'novelty_checked': False, 'nearest_reference_id': None, 'known_match': None, 'novel_by_structure_matcher': None, 'novelty_error': None, 'alignn_ok': False, 'alignn_model': None, 'formation_energy_per_atom': None, 'pre_dft_valid': True, 'pre_dft_rank_score': 11000.0, 'selected_for_dft': False, 'error_type': None, 'error_message': None}",False,False,failed,RuntimeError,"ALIGNN prediction is unavailable. Install alignn and its pretrained prediction dependencies, inject a predictor, or set SCA_ALIGNN_COMMAND.",{},True,False,ok,,,{},False,False,failed,ValueError,"Bad serialized model or bad model name. If you have an outdated cached model, please 'clear your cache by running `python -c 'import matgl; matgl.clear_cache()'`",{},True,False,ok,,,{},True,False,ok,,,{},True,False,ok,,,{}
e5dabf2f-e5b1-4fdb-a5e9-31cfdb02c126,,,C:\Users\brown\Downloads\example created cifs\challenge_049_nio_rocksalt_solution.cif,challenge_049_nio_rocksalt_solution.cif,,,True,Ni1 O1,NiO,,,P 1,P4mm,,False,False,,1.0,True,,,0,97.33599999999997,48.667999999999985,1.2742491222880308,True,0,dup-0014,False,True,False,,,,,False,,,True,11000.0,False,True,True,CHGNet,CHGNet,-1.333190679550171,-1.333190679550171,0.2878001332283029,0.2878001332283029,,,False,False,,,,,,,"Bad serialized model or bad model name. If you have an outdated cached model, please 'clear your cache by running `python -c 'import matgl; matgl.clear_cache()'`","Bad serialized model or bad model name. If you have an outdated cached model, please 'clear your cache by running `python -c 'import matgl; matgl.clear_cache()'`",True,True,pretrained:medium-mpa-0,pretrained:medium-mpa-0,-1.1540868282318115,-1.1540868282318115,0.816824913024914,0.816824913024914,,,True,True,pretrained:7net-0,pretrained:7net-0,-1.9943841695785522,-1.9943841695785522,0.4099567830562665,0.4099567830562665,,,-1.493887225786845,-1.493887225786845,0.3613792471885981,0.3613792471885981,,,,,False,False,True,True,valid_reference_not_checked,-1.493887225786845,True,False,valid,,,"{'parse_ok': True, 'formula': 'Ni1 O1', 'reduced_formula': 'NiO', 'target_formula': None, 'target_formula_match': None, 'declared_space_group': 'P 1', 'detected_space_group': 'P4mm', 'target_space_group': None, 'space_group_consistent': False, 'multiplicity_checked': False, 'multiplicity_consistent': None, 'bond_reasonableness_score': 1.0, 'bond_lengths_reasonable': True, 'min_distance': None, 'min_distance_pair': None, 'num_bad_contacts': 0, 'volume': 97.33599999999997, 'volume_per_atom': 48.667999999999985, 'density': 1.2742491222880308, 'geometry_ok': True, 'geometry_warning_count': 0, 'duplicate_group_id': 'dup-0014', 'is_duplicate': False, 'is_unique_representative': True, 'novelty_checked': False, 'nearest_reference_id': None, 'known_match': None, 'novel_by_structure_matcher': None, 'novelty_error': None, 'alignn_ok': False, 'alignn_model': None, 'formation_energy_per_atom': None, 'pre_dft_valid': True, 'pre_dft_rank_score': 11000.0, 'selected_for_dft': False, 'error_type': None, 'error_message': None}",False,False,failed,RuntimeError,"ALIGNN prediction is unavailable. Install alignn and its pretrained prediction dependencies, inject a predictor, or set SCA_ALIGNN_COMMAND.",{},True,False,ok,,,{},False,False,failed,ValueError,"Bad serialized model or bad model name. If you have an outdated cached model, please 'clear your cache by running `python -c 'import matgl; matgl.clear_cache()'`",{},True,False,ok,,,{},True,False,ok,,,{},True,False,ok,,,{}
e5dabf2f-e5b1-4fdb-a5e9-31cfdb02c126,,,C:\Users\brown\Downloads\example created cifs\challenge_050_coo_rocksalt_solution.cif,challenge_050_coo_rocksalt_solution.cif,,,True,Co1 O1,CoO,,,P 1,Pm-3m,,False,False,,1.0,True,,,0,97.33599999999997,48.667999999999985,1.278339992737111,True,0,dup-0015,False,True,False,,,,,False,,,True,11000.0,False,True,True,CHGNet,CHGNet,-1.6748340129852295,-1.6748340129852295,2.356080457693621e-08,2.356080457693621e-08,,,False,False,,,,,,,"Bad serialized model or bad model name. If you have an outdated cached model, please 'clear your cache by running `python -c 'import matgl; matgl.clear_cache()'`","Bad serialized model or bad model name. If you have an outdated cached model, please 'clear your cache by running `python -c 'import matgl; matgl.clear_cache()'`",True,True,pretrained:medium-mpa-0,pretrained:medium-mpa-0,-1.9853609800338745,-1.9853609800338745,9.452454707297584e-08,9.452454707297584e-08,,,True,True,pretrained:7net-0,pretrained:7net-0,-2.5173869132995605,-2.5173869132995605,3.122602423691378e-08,3.122602423691378e-08,,,-2.059193968772888,-2.059193968772888,0.34791026632991084,0.34791026632991084,,,,,False,False,True,True,valid_reference_not_checked,-2.059193968772888,True,False,valid,,,"{'parse_ok': True, 'formula': 'Co1 O1', 'reduced_formula': 'CoO', 'target_formula': None, 'target_formula_match': None, 'declared_space_group': 'P 1', 'detected_space_group': 'Pm-3m', 'target_space_group': None, 'space_group_consistent': False, 'multiplicity_checked': False, 'multiplicity_consistent': None, 'bond_reasonableness_score': 1.0, 'bond_lengths_reasonable': True, 'min_distance': None, 'min_distance_pair': None, 'num_bad_contacts': 0, 'volume': 97.33599999999997, 'volume_per_atom': 48.667999999999985, 'density': 1.278339992737111, 'geometry_ok': True, 'geometry_warning_count': 0, 'duplicate_group_id': 'dup-0015', 'is_duplicate': False, 'is_unique_representative': True, 'novelty_checked': False, 'nearest_reference_id': None, 'known_match': None, 'novel_by_structure_matcher': None, 'novelty_error': None, 'alignn_ok': False, 'alignn_model': None, 'formation_energy_per_atom': None, 'pre_dft_valid': True, 'pre_dft_rank_score': 11000.0, 'selected_for_dft': False, 'error_type': None, 'error_message': None}",False,False,failed,RuntimeError,"ALIGNN prediction is unavailable. Install alignn and its pretrained prediction dependencies, inject a predictor, or set SCA_ALIGNN_COMMAND.",{},True,False,ok,,,{},False,False,failed,ValueError,"Bad serialized model or bad model name. If you have an outdated cached model, please 'clear your cache by running `python -c 'import matgl; matgl.clear_cache()'`",{},True,False,ok,,,{},True,False,ok,,,{},True,False,ok,,,{}
e5dabf2f-e5b1-4fdb-a5e9-31cfdb02c126,,,C:\Users\brown\Downloads\example created cifs\challenge_051_mno_rocksalt_solution.cif,challenge_051_mno_rocksalt_solution.cif,,,True,Mn1 O1,MnO,,,P 1,R3m,,False,False,,1.0,True,1.9918584287042087,Mn-O,0,97.33599999999997,48.667999999999985,1.2101832710596665,True,0,dup-0016,False,True,False,,,,,False,,,True,11000.0,False,True,True,CHGNet,CHGNet,-3.2473669052124023,-3.2473669052124023,2.7002236688776375,2.7002236688776375,,,False,False,,,,,,,"Bad serialized model or bad model name. If you have an outdated cached model, please 'clear your cache by running `python -c 'import matgl; matgl.clear_cache()'`","Bad serialized model or bad model name. If you have an outdated cached model, please 'clear your cache by running `python -c 'import matgl; matgl.clear_cache()'`",True,True,pretrained:medium-mpa-0,pretrained:medium-mpa-0,-5.325233459472656,-5.325233459472656,2.2131805285000783,2.2131805285000783,,,True,True,pretrained:7net-0,pretrained:7net-0,-5.473992824554443,-5.473992824554443,1.5709101789387765,1.5709101789387765,,,-4.682197729746501,-4.682197729746501,1.016394594780913,1.016394594780913,,,,,True,True,False,False,valid_reference_not_checked,20.317802270253498,True,False,valid,,,"{'parse_ok': True, 'formula': 'Mn1 O1', 'reduced_formula': 'MnO', 'target_formula': None, 'target_formula_match': None, 'declared_space_group': 'P 1', 'detected_space_group': 'R3m', 'target_space_group': None, 'space_group_consistent': False, 'multiplicity_checked': False, 'multiplicity_consistent': None, 'bond_reasonableness_score': 1.0, 'bond_lengths_reasonable': True, 'min_distance': 1.9918584287042087, 'min_distance_pair': 'Mn-O', 'num_bad_contacts': 0, 'volume': 97.33599999999997, 'volume_per_atom': 48.667999999999985, 'density': 1.2101832710596665, 'geometry_ok': True, 'geometry_warning_count': 0, 'duplicate_group_id': 'dup-0016', 'is_duplicate': False, 'is_unique_representative': True, 'novelty_checked': False, 'nearest_reference_id': None, 'known_match': None, 'novel_by_structure_matcher': None, 'novelty_error': None, 'alignn_ok': False, 'alignn_model': None, 'formation_energy_per_atom': None, 'pre_dft_valid': True, 'pre_dft_rank_score': 11000.0, 'selected_for_dft': False, 'error_type': None, 'error_message': None}",False,False,failed,RuntimeError,"ALIGNN prediction is unavailable. Install alignn and its pretrained prediction dependencies, inject a predictor, or set SCA_ALIGNN_COMMAND.",{},True,False,ok,,,{},False,False,failed,ValueError,"Bad serialized model or bad model name. If you have an outdated cached model, please 'clear your cache by running `python -c 'import matgl; matgl.clear_cache()'`",{},True,False,ok,,,{},True,False,ok,,,{},True,False,ok,,,{}
e5dabf2f-e5b1-4fdb-a5e9-31cfdb02c126,,,C:\Users\brown\Downloads\example created cifs\challenge_053_zro2_fluorite_solution.cif,challenge_053_zro2_fluorite_solution.cif,,,True,Zr1 O2,ZrO2,,,P 1,P4mm,,False,False,,1.0,True,1.15,O-O,0,97.33599999999997,32.44533333333332,2.1021643953081632,True,0,dup-0017,False,True,False,,,,,False,,,True,11000.0,False,True,True,CHGNet,CHGNet,-1.717211087544759,-1.717211087544759,8.425687789916998,8.425687789916998,,,False,False,,,,,,,"Bad serialized model or bad model name. If you have an outdated cached model, please 'clear your cache by running `python -c 'import matgl; matgl.clear_cache()'`","Bad serialized model or bad model name. If you have an outdated cached model, please 'clear your cache by running `python -c 'import matgl; matgl.clear_cache()'`",True,True,pretrained:medium-mpa-0,pretrained:medium-mpa-0,-4.525401433308919,-4.525401433308919,11.946245193481447,11.946245193481447,,,True,True,pretrained:7net-0,pretrained:7net-0,-4.499161720275879,-4.499161720275879,12.705901145935059,12.705901145935059,,,-3.5805914137098522,-3.5805914137098522,1.3176524100559452,1.3176524100559452,,,,,True,True,False,False,valid_reference_not_checked,21.419408586290146,True,False,valid,,,"{'parse_ok': True, 'formula': 'Zr1 O2', 'reduced_formula': 'ZrO2', 'target_formula': None, 'target_formula_match': None, 'declared_space_group': 'P 1', 'detected_space_group': 'P4mm', 'target_space_group': None, 'space_group_consistent': False, 'multiplicity_checked': False, 'multiplicity_consistent': None, 'bond_reasonableness_score': 1.0, 'bond_lengths_reasonable': True, 'min_distance': 1.15, 'min_distance_pair': 'O-O', 'num_bad_contacts': 0, 'volume': 97.33599999999997, 'volume_per_atom': 32.44533333333332, 'density': 2.1021643953081632, 'geometry_ok': True, 'geometry_warning_count': 0, 'duplicate_group_id': 'dup-0017', 'is_duplicate': False, 'is_unique_representative': True, 'novelty_checked': False, 'nearest_reference_id': None, 'known_match': None, 'novel_by_structure_matcher': None, 'novelty_error': None, 'alignn_ok': False, 'alignn_model': None, 'formation_energy_per_atom': None, 'pre_dft_valid': True, 'pre_dft_rank_score': 11000.0, 'selected_for_dft': False, 'error_type': None, 'error_message': None}",False,False,failed,RuntimeError,"ALIGNN prediction is unavailable. Install alignn and its pretrained prediction dependencies, inject a predictor, or set SCA_ALIGNN_COMMAND.",{},True,False,ok,,,{},False,False,failed,ValueError,"Bad serialized model or bad model name. If you have an outdated cached model, please 'clear your cache by running `python -c 'import matgl; matgl.clear_cache()'`",{},True,False,ok,,,{},True,False,ok,,,{},True,False,ok,,,{}
e5dabf2f-e5b1-4fdb-a5e9-31cfdb02c126,,,C:\Users\brown\Downloads\example created cifs\challenge_054_ceo2_fluorite_solution.cif,challenge_054_ceo2_fluorite_solution.cif,,,True,Ce1 O2,CeO2,,,P 1,P4/mmm,,False,False,,0.3333333333333333,False,1.15,Ce-O,2,97.33599999999997,32.44533333333332,2.936255339641572,True,0,dup-0018,False,True,False,,,,,False,,,False,60200.0,False,True,True,CHGNet,CHGNet,1.678879737854004,1.678879737854004,37.45259475708008,37.45259475708008,,,False,False,,,,,,,"Bad serialized model or bad model name. If you have an outdated cached model, please 'clear your cache by running `python -c 'import matgl; matgl.clear_cache()'`","Bad serialized model or bad model name. If you have an outdated cached model, please 'clear your cache by running `python -c 'import matgl; matgl.clear_cache()'`",True,True,pretrained:medium-mpa-0,pretrained:medium-mpa-0,13.25742212931315,13.25742212931315,163.52435302734477,163.52435302734477,,,True,True,pretrained:7net-0,pretrained:7net-0,33.350830078125,33.350830078125,403.86285400390625,403.86285400390625,,,16.095710648430718,16.095710648430718,13.084851823832116,13.084851823832116,,,,,True,True,False,False,valid_reference_not_checked,1041.0957106484307,False,False,invalid,,,"{'parse_ok': True, 'formula': 'Ce1 O2', 'reduced_formula': 'CeO2', 'target_formula': None, 'target_formula_match': None, 'declared_space_group': 'P 1', 'detected_space_group': 'P4/mmm', 'target_space_group': None, 'space_group_consistent': False, 'multiplicity_checked': False, 'multiplicity_consistent': None, 'bond_reasonableness_score': 0.3333333333333333, 'bond_lengths_reasonable': False, 'min_distance': 1.15, 'min_distance_pair': 'Ce-O', 'num_bad_contacts': 2, 'volume': 97.33599999999997, 'volume_per_atom': 32.44533333333332, 'density': 2.936255339641572, 'geometry_ok': True, 'geometry_warning_count': 0, 'duplicate_group_id': 'dup-0018', 'is_duplicate': False, 'is_unique_representative': True, 'novelty_checked': False, 'nearest_reference_id': None, 'known_match': None, 'novel_by_structure_matcher': None, 'novelty_error': None, 'alignn_ok': False, 'alignn_model': None, 'formation_energy_per_atom': None, 'pre_dft_valid': False, 'pre_dft_rank_score': 60200.0, 'selected_for_dft': False, 'error_type': None, 'error_message': None}",False,False,failed,RuntimeError,"ALIGNN prediction is unavailable. Install alignn and its pretrained prediction dependencies, inject a predictor, or set SCA_ALIGNN_COMMAND.",{},True,False,ok,,,{},False,False,failed,ValueError,"Bad serialized model or bad model name. If you have an outdated cached model, please 'clear your cache by running `python -c 'import matgl; matgl.clear_cache()'`",{},True,False,ok,,,{},True,False,ok,,,{},True,False,ok,,,{}
e5dabf2f-e5b1-4fdb-a5e9-31cfdb02c126,,,C:\Users\brown\Downloads\example created cifs\challenge_063_pbs_rocksalt_solution.cif,challenge_063_pbs_rocksalt_solution.cif,,,True,Pb1 S1,PbS,,,P 1,Amm2,,False,False,,1.0,True,,,0,97.33599999999997,48.667999999999985,4.081828720361878,True,0,dup-0019,False,True,False,,,,,False,,,True,11000.0,False,True,True,CHGNet,CHGNet,-2.098691940307617,-2.098691940307617,0.8607120245090749,0.8607120245090749,,,False,False,,,,,,,"Bad serialized model or bad model name. If you have an outdated cached model, please 'clear your cache by running `python -c 'import matgl; matgl.clear_cache()'`","Bad serialized model or bad model name. If you have an outdated cached model, please 'clear your cache by running `python -c 'import matgl; matgl.clear_cache()'`",True,True,pretrained:medium-mpa-0,pretrained:medium-mpa-0,-3.8487045764923096,-3.8487045764923096,0.5747892369508585,0.5747892369508585,,,True,True,pretrained:7net-0,pretrained:7net-0,-3.823552370071411,-3.823552370071411,0.6269010334423787,0.6269010334423787,,,-3.256982962290446,-3.256982962290446,0.8190998014391487,0.8190998014391487,,,,,True,True,False,False,valid_reference_not_checked,21.743017037709553,True,False,valid,,,"{'parse_ok': True, 'formula': 'Pb1 S1', 'reduced_formula': 'PbS', 'target_formula': None, 'target_formula_match': None, 'declared_space_group': 'P 1', 'detected_space_group': 'Amm2', 'target_space_group': None, 'space_group_consistent': False, 'multiplicity_checked': False, 'multiplicity_consistent': None, 'bond_reasonableness_score': 1.0, 'bond_lengths_reasonable': True, 'min_distance': None, 'min_distance_pair': None, 'num_bad_contacts': 0, 'volume': 97.33599999999997, 'volume_per_atom': 48.667999999999985, 'density': 4.081828720361878, 'geometry_ok': True, 'geometry_warning_count': 0, 'duplicate_group_id': 'dup-0019', 'is_duplicate': False, 'is_unique_representative': True, 'novelty_checked': False, 'nearest_reference_id': None, 'known_match': None, 'novel_by_structure_matcher': None, 'novelty_error': None, 'alignn_ok': False, 'alignn_model': None, 'formation_energy_per_atom': None, 'pre_dft_valid': True, 'pre_dft_rank_score': 11000.0, 'selected_for_dft': False, 'error_type': None, 'error_message': None}",False,False,failed,RuntimeError,"ALIGNN prediction is unavailable. Install alignn and its pretrained prediction dependencies, inject a predictor, or set SCA_ALIGNN_COMMAND.",{},True,False,ok,,,{},False,False,failed,ValueError,"Bad serialized model or bad model name. If you have an outdated cached model, please 'clear your cache by running `python -c 'import matgl; matgl.clear_cache()'`",{},True,False,ok,,,{},True,False,ok,,,{},True,False,ok,,,{}
e5dabf2f-e5b1-4fdb-a5e9-31cfdb02c126,,,C:\Users\brown\Downloads\example created cifs\challenge_065_fes2_pyrite_solution.cif,challenge_065_fes2_pyrite_solution.cif,,,True,Fe1 S2,FeS2,,,P 1,Pmmm,,False,False,,1.0,True,2.3,S-S,0,97.33599999999997,32.44533333333332,2.0467573641168424,True,0,dup-0020,False,True,False,,,,,False,,,True,11000.0,False,True,True,CHGNet,CHGNet,-1.7551428476969402,-1.7551428476969402,0.5394186973628665,0.5394186973628665,,,False,False,,,,,,,"Bad serialized model or bad model name. If you have an outdated cached model, please 'clear your cache by running `python -c 'import matgl; matgl.clear_cache()'`","Bad serialized model or bad model name. If you have an outdated cached model, please 'clear your cache by running `python -c 'import matgl; matgl.clear_cache()'`",True,True,pretrained:medium-mpa-0,pretrained:medium-mpa-0,-4.9008181889851885,-4.9008181889851885,0.3466199636495909,0.3466199636495909,,,True,True,pretrained:7net-0,pretrained:7net-0,-4.820728619893392,-4.820728619893392,0.5410947799682617,0.5410947799682617,,,-3.8255632188585067,-3.8255632188585067,1.4643733517014315,1.4643733517014315,,,,,True,True,False,False,valid_reference_not_checked,21.174436781141495,True,False,valid,,,"{'parse_ok': True, 'formula': 'Fe1 S2', 'reduced_formula': 'FeS2', 'target_formula': None, 'target_formula_match': None, 'declared_space_group': 'P 1', 'detected_space_group': 'Pmmm', 'target_space_group': None, 'space_group_consistent': False, 'multiplicity_checked': False, 'multiplicity_consistent': None, 'bond_reasonableness_score': 1.0, 'bond_lengths_reasonable': True, 'min_distance': 2.3, 'min_distance_pair': 'S-S', 'num_bad_contacts': 0, 'volume': 97.33599999999997, 'volume_per_atom': 32.44533333333332, 'density': 2.0467573641168424, 'geometry_ok': True, 'geometry_warning_count': 0, 'duplicate_group_id': 'dup-0020', 'is_duplicate': False, 'is_unique_representative': True, 'novelty_checked': False, 'nearest_reference_id': None, 'known_match': None, 'novel_by_structure_matcher': None, 'novelty_error': None, 'alignn_ok': False, 'alignn_model': None, 'formation_energy_per_atom': None, 'pre_dft_valid': True, 'pre_dft_rank_score': 11000.0, 'selected_for_dft': False, 'error_type': None, 'error_message': None}",False,False,failed,RuntimeError,"ALIGNN prediction is unavailable. Install alignn and its pretrained prediction dependencies, inject a predictor, or set SCA_ALIGNN_COMMAND.",{},True,False,ok,,,{},False,False,failed,ValueError,"Bad serialized model or bad model name. If you have an outdated cached model, please 'clear your cache by running `python -c 'import matgl; matgl.clear_cache()'`",{},True,False,ok,,,{},True,False,ok,,,{},True,False,ok,,,{}
e5dabf2f-e5b1-4fdb-a5e9-31cfdb02c126,,,C:\Users\brown\Downloads\example created cifs\challenge_066_cos2_pyrite_solution.cif,challenge_066_cos2_pyrite_solution.cif,,,True,Co1 S2,CoS2,,,P 1,R3m,,False,False,,1.0,True,1.991858428704209,Co-S,0,97.33599999999997,32.44533333333332,2.099441555474032,True,0,dup-0021,False,True,False,,,,,False,,,True,11000.0,False,True,True,CHGNet,CHGNet,-1.4096555709838867,-1.4096555709838867,2.8384946111199945,2.8384946111199945,,,False,False,,,,,,,"Bad serialized model or bad model name. If you have an outdated cached model, please 'clear your cache by running `python -c 'import matgl; matgl.clear_cache()'`","Bad serialized model or bad model name. If you have an outdated cached model, please 'clear your cache by running `python -c 'import matgl; matgl.clear_cache()'`",True,True,pretrained:medium-mpa-0,pretrained:medium-mpa-0,-3.7536309560139975,-3.7536309560139975,1.5138861746548624,1.5138861746548624,,,True,True,pretrained:7net-0,pretrained:7net-0,-3.8370437622070312,-3.8370437622070312,1.2615224872593165,1.2615224872593165,,,-3.0001100964016385,-3.0001100964016385,1.1251366204823317,1.1251366204823317,,,,,True,True,False,False,valid_reference_not_checked,21.999889903598362,True,False,valid,,,"{'parse_ok': True, 'formula': 'Co1 S2', 'reduced_formula': 'CoS2', 'target_formula': None, 'target_formula_match': None, 'declared_space_group': 'P 1', 'detected_space_group': 'R3m', 'target_space_group': None, 'space_group_consistent': False, 'multiplicity_checked': False, 'multiplicity_consistent': None, 'bond_reasonableness_score': 1.0, 'bond_lengths_reasonable': True, 'min_distance': 1.991858428704209, 'min_distance_pair': 'Co-S', 'num_bad_contacts': 0, 'volume': 97.33599999999997, 'volume_per_atom': 32.44533333333332, 'density': 2.099441555474032, 'geometry_ok': True, 'geometry_warning_count': 0, 'duplicate_group_id': 'dup-0021', 'is_duplicate': False, 'is_unique_representative': True, 'novelty_checked': False, 'nearest_reference_id': None, 'known_match': None, 'novel_by_structure_matcher': None, 'novelty_error': None, 'alignn_ok': False, 'alignn_model': None, 'formation_energy_per_atom': None, 'pre_dft_valid': True, 'pre_dft_rank_score': 11000.0, 'selected_for_dft': False, 'error_type': None, 'error_message': None}",False,False,failed,RuntimeError,"ALIGNN prediction is unavailable. Install alignn and its pretrained prediction dependencies, inject a predictor, or set SCA_ALIGNN_COMMAND.",{},True,False,ok,,,{},False,False,failed,ValueError,"Bad serialized model or bad model name. If you have an outdated cached model, please 'clear your cache by running `python -c 'import matgl; matgl.clear_cache()'`",{},True,False,ok,,,{},True,False,ok,,,{},True,False,ok,,,{}
e5dabf2f-e5b1-4fdb-a5e9-31cfdb02c126,,,C:\Users\brown\Downloads\example created cifs\challenge_067_nis2_pyrite_solution.cif,challenge_067_nis2_pyrite_solution.cif,,,True,Ni1 S2,NiS2,,,P 1,Cm,,False,False,,1.0,True,1.6263455967290592,S-S,0,97.33599999999997,32.44533333333332,2.095350685024952,True,0,dup-0022,False,True,False,,,,,False,,,True,11000.0,False,True,True,CHGNet,CHGNet,-0.14332246780395508,-0.14332246780395508,47.213575914170406,47.213575914170406,,,False,False,,,,,,,"Bad serialized model or bad model name. If you have an outdated cached model, please 'clear your cache by running `python -c 'import matgl; matgl.clear_cache()'`","Bad serialized model or bad model name. If you have an outdated cached model, please 'clear your cache by running `python -c 'import matgl; matgl.clear_cache()'`",True,True,pretrained:medium-mpa-0,pretrained:medium-mpa-0,-1.026323397954305,-1.026323397954305,34.89138710107083,34.89138710107083,,,True,True,pretrained:7net-0,pretrained:7net-0,0.6171229680379232,0.6171229680379232,62.714743472847736,62.714743472847736,,,-0.18417429924011228,-0.18417429924011228,0.6715557279293265,0.6715557279293265,,,,,True,True,False,False,valid_reference_not_checked,24.815825700759888,True,False,valid,,,"{'parse_ok': True, 'formula': 'Ni1 S2', 'reduced_formula': 'NiS2', 'target_formula': None, 'target_formula_match': None, 'declared_space_group': 'P 1', 'detected_space_group': 'Cm', 'target_space_group': None, 'space_group_consistent': False, 'multiplicity_checked': False, 'multiplicity_consistent': None, 'bond_reasonableness_score': 1.0, 'bond_lengths_reasonable': True, 'min_distance': 1.6263455967290592, 'min_distance_pair': 'S-S', 'num_bad_contacts': 0, 'volume': 97.33599999999997, 'volume_per_atom': 32.44533333333332, 'density': 2.095350685024952, 'geometry_ok': True, 'geometry_warning_count': 0, 'duplicate_group_id': 'dup-0022', 'is_duplicate': False, 'is_unique_representative': True, 'novelty_checked': False, 'nearest_reference_id': None, 'known_match': None, 'novel_by_structure_matcher': None, 'novelty_error': None, 'alignn_ok': False, 'alignn_model': None, 'formation_energy_per_atom': None, 'pre_dft_valid': True, 'pre_dft_rank_score': 11000.0, 'selected_for_dft': False, 'error_type': None, 'error_message': None}",False,False,failed,RuntimeError,"ALIGNN prediction is unavailable. Install alignn and its pretrained prediction dependencies, inject a predictor, or set SCA_ALIGNN_COMMAND.",{},True,False,ok,,,{},False,False,failed,ValueError,"Bad serialized model or bad model name. If you have an outdated cached model, please 'clear your cache by running `python -c 'import matgl; matgl.clear_cache()'`",{},True,False,ok,,,{},True,False,ok,,,{},True,False,ok,,,{}
