metric,num_result_rows,num_bundle_rows,output_validity,constraint_faithfulness_score,structure_or_prototype_match_score,mlip_or_relaxation_robustness_score,evidence_trace_score,audit_bundle_score,solver_certificate_score,traceable_constraint_grounded_csp_score,value
traceable_constraint_grounded_csp_score,27.0,1.0,0.0,0.3333333333333333,0.0,0.0,1.0,1.0,1.0,0.36666666666666664,
output_validity,,,,,,,,,,,0.0
constraint_faithfulness_score,,,,,,,,,,,0.3333333333333333
structure_or_prototype_match_score,,,,,,,,,,,0.0
mlip_or_relaxation_robustness_score,,,,,,,,,,,0.0
evidence_trace_score,,,,,,,,,,,1.0
audit_bundle_score,,,,,,,,,,,1.0
solver_certificate_score,,,,,,,,,,,1.0
traceable_constraint_grounded_csp_score,,,,,,,,,,,0.36666666666666664
