prompt_id,input_text,out_dir,generator_command,exit_code,stdout_path,stderr_path,num_cifs,status
e2e_batio3_perovskite,Generate a cubic perovskite BaTiO3 structure.,reports\e2e_fake_runs\e2e_batio3_perovskite,"python tests\fixtures\fake_generator.py --prompt ""Generate a cubic perovskite BaTiO3 structure."" --out-dir ""reports\e2e_fake_runs\e2e_batio3_perovskite"" --attempts ""3""",0,reports\e2e_fake_runs\e2e_batio3_perovskite\stdout.txt,reports\e2e_fake_runs\e2e_batio3_perovskite\stderr.txt,3,ok
e2e_znfe2o4_spinel,Generate a spinel-like ZnFe2O4 structure.,reports\e2e_fake_runs\e2e_znfe2o4_spinel,"python tests\fixtures\fake_generator.py --prompt ""Generate a spinel-like ZnFe2O4 structure."" --out-dir ""reports\e2e_fake_runs\e2e_znfe2o4_spinel"" --attempts ""3""",0,reports\e2e_fake_runs\e2e_znfe2o4_spinel\stdout.txt,reports\e2e_fake_runs\e2e_znfe2o4_spinel\stderr.txt,3,ok
e2e_nio_rocksalt,Generate a rocksalt NiO crystal.,reports\e2e_fake_runs\e2e_nio_rocksalt,"python tests\fixtures\fake_generator.py --prompt ""Generate a rocksalt NiO crystal."" --out-dir ""reports\e2e_fake_runs\e2e_nio_rocksalt"" --attempts ""3""",0,reports\e2e_fake_runs\e2e_nio_rocksalt\stdout.txt,reports\e2e_fake_runs\e2e_nio_rocksalt\stderr.txt,3,ok
e2e_tio2_rutile,Generate rutile TiO2.,reports\e2e_fake_runs\e2e_tio2_rutile,"python tests\fixtures\fake_generator.py --prompt ""Generate rutile TiO2."" --out-dir ""reports\e2e_fake_runs\e2e_tio2_rutile"" --attempts ""3""",0,reports\e2e_fake_runs\e2e_tio2_rutile\stdout.txt,reports\e2e_fake_runs\e2e_tio2_rutile\stderr.txt,3,ok
e2e_li6ps5cl_argyrodite,Generate an argyrodite-like Li6PS5Cl solid electrolyte.,reports\e2e_fake_runs\e2e_li6ps5cl_argyrodite,"python tests\fixtures\fake_generator.py --prompt ""Generate an argyrodite-like Li6PS5Cl solid electrolyte."" --out-dir ""reports\e2e_fake_runs\e2e_li6ps5cl_argyrodite"" --attempts ""3""",0,reports\e2e_fake_runs\e2e_li6ps5cl_argyrodite\stdout.txt,reports\e2e_fake_runs\e2e_li6ps5cl_argyrodite\stderr.txt,3,ok
e2e_fes2_pyrite,Generate a pyrite-like FeS2 crystal.,reports\e2e_fake_runs\e2e_fes2_pyrite,"python tests\fixtures\fake_generator.py --prompt ""Generate a pyrite-like FeS2 crystal."" --out-dir ""reports\e2e_fake_runs\e2e_fes2_pyrite"" --attempts ""3""",0,reports\e2e_fake_runs\e2e_fes2_pyrite\stdout.txt,reports\e2e_fake_runs\e2e_fes2_pyrite\stderr.txt,3,ok
e2e_ceo2_fluorite,Generate a fluorite-like CeO2 structure.,reports\e2e_fake_runs\e2e_ceo2_fluorite,"python tests\fixtures\fake_generator.py --prompt ""Generate a fluorite-like CeO2 structure."" --out-dir ""reports\e2e_fake_runs\e2e_ceo2_fluorite"" --attempts ""3""",0,reports\e2e_fake_runs\e2e_ceo2_fluorite\stdout.txt,reports\e2e_fake_runs\e2e_ceo2_fluorite\stderr.txt,3,ok
e2e_zno_wurtzite,Generate a wurtzite ZnO structure.,reports\e2e_fake_runs\e2e_zno_wurtzite,"python tests\fixtures\fake_generator.py --prompt ""Generate a wurtzite ZnO structure."" --out-dir ""reports\e2e_fake_runs\e2e_zno_wurtzite"" --attempts ""3""",0,reports\e2e_fake_runs\e2e_zno_wurtzite\stdout.txt,reports\e2e_fake_runs\e2e_zno_wurtzite\stderr.txt,3,ok
e2e_ndag_hg2_sg225,Generate NdAgHg2 in space group 225.,reports\e2e_fake_runs\e2e_ndag_hg2_sg225,"python tests\fixtures\fake_generator.py --prompt ""Generate NdAgHg2 in space group 225."" --out-dir ""reports\e2e_fake_runs\e2e_ndag_hg2_sg225"" --attempts ""3""",0,reports\e2e_fake_runs\e2e_ndag_hg2_sg225\stdout.txt,reports\e2e_fake_runs\e2e_ndag_hg2_sg225\stderr.txt,3,ok
